time,open,high,low,close,volume
1604116800000,382.92,382.90508072,383.22,382.90508072,43.53807594
1604117100000,382.90508072,382.89,382.90508072,382.17,3.78053718
1604117400000,382.9,383.32,383.37,382.9,14.14836629
1604117700000,383.29043808,383.22,383.29043808,382.96,142.44990388
1604118000000,383.22,382.81,383.22,382.63,173.9215366
1604118300000,382.77,383.41,383.41,382.75,9.97232822
1604118600000,383.43056803,382.94,383.53,382.55,12.10645998
1604118900000,383.06,382.75327328,383.06,382.75327328,1.80103634
1604119200000,383.2,382.75,383.29,382.75,10.8514225
1604119500000,382.75,382.51,382.75,382.51,0.15000000000000002
1604119800000,382.5042112,383.1,383.11,382.5,60.726353599999996
1604120100000,383.1,383.36,383.58237547,383.1,5.53999062
1604120400000,383.5,383.47,384.1,383.47,1165.52212955
1604120700000,383.49,383.09,383.58,383.02,12.19126693
1604121000000,383.0,382.81,383.0,382.51,158.79542374
1604121300000,382.77,382.82,382.95,382.76,7.76513
1604121600000,382.62,382.95,382.95,382.6,2.31836426
1604121900000,383.0,383.3,383.3,383.0,102.46884
1604122200000,383.24,383.2,383.24,383.2,0.0575555
1604122500000,383.09,382.87,383.09,382.6,102.47241664
1604122800000,382.87,382.86,383.25540559,382.46,21.24787344
1604123100000,382.84,382.91,383.09,382.48469088,13.57303625
1604123400000,382.79,382.733536,382.79,382.66,5.1
1604123700000,382.73,382.52,382.73,382.52,2.92827955
1604124000000,382.51,381.74,382.65,381.68,116.20012351
1604124300000,381.66,382.35,382.36,381.25,44.86706108
1604124600000,381.98,383.05,383.05,381.98,81.09601046
1604124900000,383.04521067,383.45,383.45,383.04521067,26.1392561
1604125200000,383.44224552,383.44224552,383.45,383.38,31.21691951
1604125500000,383.43,383.98,383.98,383.22,23.59768409
1604125800000,383.99,384.86,385.33399981,383.99,43.08736426
1604126100000,384.8318675,384.93696496,385.24,384.38,51.86133819
1604126400000,384.81,384.64,384.81,384.59,8.43955723
1604126700000,384.74,384.2050368,385.33,384.2050368,6.56778616
1604127000000,384.32,384.66,384.73,384.32,13.3061079
1604127300000,384.8,384.75,384.91,384.75,6.68332893
1604127600000,384.92,384.57,385.02,384.56,32.38720546
1604127900000,384.57,384.80851251,384.83,384.31,30.99099052
1604128200000,384.8,384.86,384.86,384.62,21.91769282
1604128500000,384.8,384.0425984,384.8070144,384.0425984,114.56827284
1604128800000,384.1,384.76,384.81,384.1,11.14028229
1604129100000,384.3063802,384.0,384.56,383.87,75.17795228
1604129400000,383.78,384.0808192,384.0808192,383.7692154,6.05823278
1604129700000,383.95,383.43056803,383.95,383.41,4.3317939800000005
1604130000000,383.57069797,383.91,383.91,383.57069797,10.40941363
1604130300000,383.9183808,383.7463872,384.0999296,383.7463872,20.6381635
1604130600000,383.72,383.89766785,383.89766785,383.71,10.87630262
1604130900000,383.9,384.34,384.46,383.9,7.81127134
1604131200000,384.01,384.5968,384.87,384.01,29.85189258
1604131500000,384.49,385.5,385.5,384.29,45.09035251
1604131800000,385.53,385.64,386.0,385.53,38.15287497
1604132100000,385.59,386.0,386.22,385.3,209.11306459
1604132400000,386.0,385.49,386.0,385.03,792.12047624
1604132700000,385.67,387.24,387.24,385.60258221,268.84461871999997
1604133000000,387.23,388.13,388.95,386.74672,1912.82336758
1604133300000,388.25,387.27,388.25,387.27,125.5770112
1604133600000,387.3,387.97,388.09,387.3,44.95771953
1604133900000,387.95,387.78,387.95,387.24,488.68048342
1604134200000,387.77,387.56,387.78,387.24,38.32322099
1604134500000,387.64,387.31,387.84,387.31,21.67115091
1604134800000,387.31,388.05,388.19,387.31,44.70155408
1604135100000,388.2,387.8,388.6,387.8,194.37985569
1604135400000,387.8,388.14827625,388.15,387.79795138,69.50739094000001
1604135700000,388.15,388.58,389.0,388.15,515.57271084
1604136000000,388.66,388.59,388.97,388.3424384,108.16935104
1604136300000,388.33,388.18,388.4,388.07,146.52549199999999
1604136600000,388.2,389.9,390.3968064,388.16,1244.05175129
1604136900000,389.89990059,389.6,390.0241536,389.53789822,286.79244857
1604137200000,389.55,389.55,389.72473815,389.47,74.56636355
1604137500000,389.49,388.87228098,389.96,388.58,248.43107825
1604137800000,388.95,389.44,389.71,388.68,189.13362485
1604138100000,389.36273579,390.26,391.08,388.59,2058.65636223
1604138400000,390.27,392.48062712,393.36811678,390.27,2271.73073071
1604138700000,392.55069209,390.82,394.28,390.66,3848.02083535
1604139000000,390.8,390.06,390.8,388.32343868,1498.0538244
1604139300000,390.07,390.02,390.65,390.02,141.97566139
1604139600000,389.97,386.81,390.02,386.05,4499.26739446
1604139900000,386.71,387.51,387.9,386.17,695.89329297
1604140200000,387.56,388.03,388.45,387.28414157,274.81314325
1604140500000,388.18,388.47,389.00073343,388.18,38.61602121
1604140800000,388.7628672,389.21202457,389.21202457,388.18,62.671830220000004
1604141100000,389.25,388.18,389.45,387.68,162.83276137
1604141400000,388.51,389.33,389.71,388.43,22.68117398
1604141700000,389.34,389.13,389.65,388.7,67.22817796
1604142000000,389.29,388.86060348,390.12,388.86060348,59.28111904
1604142300000,389.11,389.66635068,389.66635068,388.54,117.124252
1604142600000,389.5750592,389.66,389.661056,389.35,27.59777274
1604142900000,389.62,389.9,390.1,389.58,4.02528803
1604143200000,389.86,389.61,390.02,389.49,94.52725271
1604143500000,389.29,389.04,389.47,388.38182616,75.49359982
1604143800000,389.13,388.08988877,389.13,388.05,64.2370491
1604144100000,388.18,389.14,389.14,388.18,7.16858113
1604144400000,389.43,389.13,389.45,388.86,44.72567618
1604144700000,389.31,390.02,390.11,389.28099332,27.88772498
1604145000000,389.95,390.5,390.66,389.95,30.136230519999998
1604145300000,390.58,390.42,390.58,390.0,27.49457978
1604145600000,390.42,390.89,390.89,390.01,107.43012643
1604145900000,390.9,392.76,392.76,390.9,207.28463936
1604146200000,392.75,392.58572458,393.0,392.16,33.3563977
1604146500000,392.58572458,391.75,393.02,391.25,143.54393011
1604146800000,391.73,390.44,391.73,390.14,141.26624408
1604147100000,390.45,391.13,391.24,390.45,15.05267084
1604147400000,391.09,391.7,392.06023727,390.46,78.82975728
1604147700000,391.79,390.17,391.79,389.71306066,74.58001571999999
1604148000000,390.17,390.34,390.58,389.92,27.2223461
1604148300000,390.55,390.77,391.42,390.37,21.246559350000002
1604148600000,390.6,390.62,390.68,390.28,123.24348806
1604148900000,390.58,390.98,390.98,390.51880786,13.75621946
1604149200000,391.23,393.01,393.12288937,391.21945759,81.06429632
1604149500000,393.01,391.12,393.01,391.11436013,57.61916533
1604149800000,391.0,391.11436013,391.46,390.75235777,149.35413287
1604150100000,391.08,391.0,391.08,390.38,66.4594054
1604150400000,390.89248771,391.16,391.45,390.66,23.59282405
1604150700000,391.11,392.45,392.65,391.01,34.36756828
1604151000000,392.59,391.3,392.73753202,391.2,28.33893245
1604151300000,391.51139498,391.74,392.11,391.51139498,12.36746237
1604151600000,392.11,392.65,392.94772694,392.11,24.17752554
1604151900000,392.23,392.03,392.23,391.45,16.58785711
1604152200000,391.82,392.07,392.31,391.6485376,58.08512206
1604152500000,391.95,391.91,392.17701223,391.89,26.15584802
1604152800000,391.89,391.30120006,391.90842983,391.25,10.13167047
1604153100000,391.33,391.40629752,391.43,390.73,331.59416831
1604153400000,391.30120006,391.33,391.74,391.21,14.026557489999998
1604153700000,391.5,390.94,391.85,390.94,20.02755345
1604154000000,390.91,389.86,390.91,389.82,24.87752188
1604154300000,389.94,389.36273571,389.94,389.3510583,18.120570960000002
1604154600000,389.36,388.801088,389.63,388.24169621,86.38619708
1604154900000,388.67376355,389.68,389.84,388.67376355,50.21839358
1604155200000,389.71,389.35,389.81,388.93,534.32175465
1604155500000,389.44,390.07506302,390.07506302,389.3,503.47656784
1604155800000,389.94,389.73,390.1,389.57293071,19.05012401
1604156100000,389.67802817,389.43,389.86,389.28,138.38543568
1604156400000,389.39,388.96,389.39,388.6,170.73179962
1604156700000,389.03,388.17,389.06,388.0,239.06829343
1604157000000,388.14827625,387.96,388.14827625,387.74,23.73031076
1604157300000,388.01,388.07,388.18330874,387.53,13.410213500000001
1604157600000,388.09,388.47,388.71,388.09,21.62411195
1604157900000,388.59,388.81,388.87,388.4571008,38.7411595
1604158200000,388.8,389.0,389.0,388.31,9.26178485
1604158500000,389.01,389.33,389.35,388.71,19.8054405
1604158800000,389.26931583,389.0,389.26931583,388.3,22.4081265
1604159100000,389.06,389.6992768,389.72,389.06,26.02087562
1604159400000,389.7,389.99,389.99332055,389.54,35.39090786
1604159700000,389.76,389.86,390.4159168,389.66,518.85440927
1604160000000,390.08,390.38,391.05,390.08,243.77979405
1604160300000,390.15680549,389.75,390.2,389.65,173.81766447
1604160600000,389.95,389.68,389.97,389.66,1.61641766
1604160900000,389.67,389.0,389.68,389.0,95.48509825000001
1604161200000,389.0,388.98,389.0,388.85,7.61912993
1604161500000,388.91899096,388.64,389.02,388.62,138.91652228
1604161800000,388.5,388.2884062,388.5,388.07,108.49589116
1604162100000,388.18330874,388.1704448,388.39,388.14827625,8.6725868
1604162400000,388.17,388.09,388.17,387.69,202.83641
1604162700000,388.05,388.47,388.48,387.96143632,2.65894423
1604163000000,388.52,388.11324376,388.52195611,388.07,16.16964818
1604163300000,388.07,388.38,388.38,387.96143632,7.65678218
1604163600000,388.44,388.24169621,388.68,388.17163124,37.589623700000004
1604163900000,387.97,387.27,387.97,387.24,23.51338075
1604164200000,387.31917406,387.91472634,388.04317879,387.31917406,27.15087021
1604164500000,387.86,387.37,387.86,386.74,179.95697819
1604164800000,387.47,386.75,387.49,386.75,303.45853153
1604165100000,386.73,386.67,387.0,386.01,302.96710729
1604165400000,386.36,386.94,387.43,386.36,286.76690112
1604165700000,386.89,387.21,387.34,386.89,21.62844696
1604166000000,387.13233413,387.55272397,387.67,387.13233413,26.86461987
1604166300000,387.5,387.31,387.5,386.95,12.01743827
1604166600000,387.48,387.28,387.48,387.13,8.03396616
1604166900000,387.27,386.93381663,387.33,386.7,63.35944195
1604167200000,386.93381663,386.42,386.94,386.20981198,10.53129537
1604167500000,386.32,384.91,386.32,384.29,406.41159349
1604167800000,385.29,385.1004499,385.46,385.07,71.66295656
1604168100000,385.1,385.2274432,386.04,385.02,23.74864559
1604168400000,385.7338688,385.93,386.05,385.68432468,9.68742638
1604168700000,385.87,385.87,386.04,385.01,23.23153477
1604169000000,385.7052032,385.98,386.18,385.7052032,26.97030948
1604169300000,385.81,386.3,386.35,385.81,5.78365565
1604169600000,386.25,385.12,386.25,384.7,483.2152781
1604169900000,384.99,385.05,385.47,384.8452352,148.06999339
1604170200000,385.05,385.56,385.72,384.77,69.37224303
1604170500000,385.61,384.86,385.63,384.86,32.1391695
1604170800000,384.85,384.91,385.46245226,384.84,19.72824338
1604171100000,384.99,385.16,385.16,384.76,25.93515532
1604171400000,385.06,385.66,385.66,385.0,18.79696095
1604171700000,385.6765376,386.06,386.24,385.59,9.79885561
1604172000000,386.05,385.93,386.19,385.93,18.12078972
1604172300000,385.94,386.24,386.64,385.9154176,50.85428586
1604172600000,386.15,386.18645699,386.31490944,386.15,38.86590784
1604172900000,386.03,385.78942214,386.03,385.33,94.70960338
1604173200000,385.78942214,385.73,385.97,385.695648,25.64433933
1604173500000,385.73,386.15,386.15,385.61,19.86503399
1604173800000,386.08,386.33,386.6,386.03,17.9255006
1604174100000,386.33,385.34,386.33,385.25,36.34894914
1604174400000,385.25,385.2,385.3516608,384.85522249,66.89501269
1604174700000,385.2,386.09303702,386.1,385.17,75.32714866
1604175000000,386.01,386.53,386.56,386.01,43.22468058
1604175300000,386.57,385.78,386.59,385.65,29.41824542
1604175600000,385.77,386.06,386.42,385.35,76.94202548
1604175900000,385.95,386.26,386.35,385.74271215,14.22569057
1604176200000,386.29,386.45,386.46,386.1,24.00952016
1604176500000,386.40826791,386.4083294,386.41,386.40826791,1.30731185
1604176800000,386.40826791,385.80109963,386.40826791,385.64929219,29.55305865
1604177100000,385.55,386.78,386.78,385.55,26.57168815
1604177400000,386.91,386.93,386.97,386.76,34.61163544
1604177700000,386.92,387.58,387.81,386.92,135.14173426
1604178000000,387.56,387.1,387.71,386.9473792,21.84758924
1604178300000,387.0,387.21,387.77,387.0,86.1134973
1604178600000,387.39,387.5,387.51,387.28,9.41151675
1604178900000,387.48,387.12,387.48,387.12,2.55521187
1604179200000,387.27246408,387.05,387.29,386.98,7.96977935
1604179500000,387.06,387.07,387.07,387.06,1.16247887
1604179800000,387.12,386.94,387.12,386.94,4.12024442
1604180100000,386.96,386.93,386.99,386.93,1.94576218
1604180400000,386.96884919,387.0,387.0,386.9569344,4.2013756
1604180700000,387.01,387.46,387.59,387.01,16.58303935
1604181000000,387.51,387.31,387.53,387.3,2.123874
1604181300000,387.31,387.24,387.4,387.18,133.27096
1604181600000,387.2,387.2,387.21,387.2,4.02209355
1604181900000,387.12065664,387.13,387.13,387.1,98.02932019
1604182200000,387.18,387.19791295,387.19791295,387.18,0.9869260200000001
1604182500000,387.2,387.85,387.85,387.2,34.22073354
1604182800000,387.85,388.03,388.04317879,387.84,32.98828531
1604183100000,388.03150129,387.84,388.04,387.78627388,13.382427680000001
1604183400000,387.97,388.16,388.24,387.97,93.45061112
1604183700000,388.17,388.14,388.17,388.13,7.91177
1604184000000,388.14,387.88,388.14,387.70453142,94.33591616
1604184300000,387.96,387.74,388.12,387.74,17.55488662
1604184600000,387.7,388.0081463,388.0081463,387.7,0.37589756
1604184900000,388.01,388.38182616,388.39,387.7512414,70.97148269
1604185200000,388.38,386.99,388.38182616,386.99,53.1714532
1604185500000,387.17,386.45,387.17,386.45,172.73509495
1604185800000,386.49,385.88,386.53,385.26,116.47244722
1604186100000,385.67,386.0,386.28,385.67,13.01718543
1604186400000,386.05,386.06968203,386.42,385.83,13.96274855
1604186700000,386.02,385.82,386.02,385.76101788,0.20941105
1604187000000,385.78,385.41,386.03464954,385.32232231,126.67510645
1604187300000,385.64,385.85,386.16,385.64,1.55
1604187600000,386.03464954,386.24,386.24,385.85,13.61322299
1604187900000,386.27,386.28,386.47,386.21,18.97401846
1604188200000,386.28,386.43,386.43,385.94122958,2.3781
1604188500000,386.4200069,386.47,386.56,386.35,23.102820389999998
1604188800000,386.32658693,388.44,388.69,384.98,1842.76969936
1604189100000,388.2,389.76,390.12,388.05485628,3391.46923623
1604189400000,389.43,390.06,390.06,389.43,68.17584866
1604189700000,390.07,389.56,390.07,389.49,54.50999288
1604190000000,389.56125322,389.64,389.64,389.2,98.44111511
1604190300000,389.84,389.89990059,390.64,389.72,164.79108258
1604190600000,389.89990059,388.95,390.60055032,388.45,68.30137191
1604190900000,388.87,386.8,388.87,386.8,675.33680602
1604191200000,386.8,386.39665191,386.8,385.9,276.29333097
1604191500000,386.46,386.96,386.96,386.26,63.33489665
1604191800000,386.62,386.5,386.94,386.5,40.48666113
1604192100000,386.4200069,386.7,387.03891417,386.25,109.5133245
1604192400000,386.57,387.27,387.31,386.3358464,156.33032943
1604192700000,387.44,388.05,388.05,387.44,7.79227092
1604193000000,388.05228299,387.8,388.11,387.8,2.22774172
1604193300000,388.1,388.83724849,388.83724849,387.99,24.86903856
1604193600000,388.79053851,389.19925085,390.07,388.79,267.59339457
1604193900000,389.46783325,388.85,389.48,388.85,72.48899054
1604194200000,388.87,388.63873106,389.37,388.63873106,14.95002016
1604194500000,388.68,388.63,388.68544105,388.18,13.82281529
1604194800000,388.46,388.63,388.72,388.46,9.24119
1604195100000,388.55698859,389.44447826,389.45,388.55698859,4.2700010200000005
1604195400000,389.44,388.55,389.44,388.55,9.98696796
1604195700000,388.48,388.66,389.0,388.48,5.06257852
1604196000000,388.72,389.27,389.28,388.72,66.63085293
1604196300000,389.27,389.45,389.45,389.27,9.18122466
1604196600000,389.68970567,389.47,389.68970567,389.46783325,1.82533191
1604196900000,389.42,388.802216,389.42,388.5,22.99059222
1604197200000,388.69,388.65,388.69,388.51,8.584752400000001
1604197500000,388.72,389.0,389.0,388.69711854,307.51593877
1604197800000,389.19925085,389.01,389.19925085,389.0,1.53247461
1604198100000,389.01,388.05,389.01,388.05,38.69648643
1604198400000,388.05,388.16,388.37014866,387.84,7.3860522799999995
1604198700000,387.83,387.83,387.97,387.75,15.800000220000001
1604199000000,387.79,387.76,388.03,387.67,17.03803202
1604199300000,387.65,387.47,388.132224,387.28,47.83348729
1604199600000,387.45,387.45,387.4709815,387.0,25.60482478
1604199900000,387.9124544,387.73,387.9124544,387.73,6.01591551
1604200200000,387.7395639,387.18,387.7395639,387.18,9.89470763
1604200500000,387.17,387.67,387.89,387.17,19.08390955
1604200800000,387.67,387.32,387.67,387.3,19.65683881
1604201100000,387.32,387.44,387.66,387.31,13.51422844
1604201400000,387.3,387.34252905,387.62278895,387.25,7.21590947
1604201700000,387.36,387.71,387.71,387.36,5.7
1604202000000,387.71,386.65,387.7395639,386.65,118.76744359
1604202300000,386.651168,386.09,386.651168,386.09,34.19333329
1604202600000,386.173408,386.8,386.9,386.17,19.06773186
1604202900000,386.82,386.32,386.82,386.31490944,16.678
1604203200000,386.17,386.13,386.33,386.12,14.23005235
1604203500000,386.1234779,385.24,386.1234779,384.99535244,533.80852212
1604203800000,385.23,385.23,385.73103466,384.99,18.19052694
1604204100000,384.99535244,385.07,385.11,384.68,23.21519283
1604204400000,384.8930112,385.47,385.47,384.81,42.83110867
1604204700000,385.53,385.22,385.8,385.09,30.70131627
1604205000000,385.32,385.69600217,385.84780962,385.32,13.87327961
1604205300000,385.52083974,385.56,385.57,385.52083974,10.63137834
1604205600000,385.57,385.67264718,385.68,385.57,11.278410000000001
1604205900000,385.57,386.11639201,386.11639201,385.57,25.89418173
1604206200000,386.07,385.85,386.08,385.66,16.67981597
1604206500000,385.9,385.9,385.9,385.9,0.25
1604206800000,385.6,385.35,385.65,385.35,50.73217385
1604207100000,385.2083328,386.21,386.21,385.2083328,22.08853448
1604207400000,386.24,386.44,386.44336189,386.24,7.61653777
1604207700000,386.36161942,386.3,386.36161942,386.21,9.16190467
1604208000000,386.34,386.22,386.58,385.95,83.54477361000001
1604208300000,386.63,387.05,387.05,386.54,8.17081903
1604208600000,387.07,386.41,387.11,386.41,16.26643484
1604208900000,386.38497441,386.38,386.59516933,386.3,102.13965576
1604209200000,386.27,386.38,386.38,386.2658729,29.71
1604209500000,386.38,385.76,386.4,385.71,142.70837314
1604209800000,385.75,385.80109963,385.9,385.72,106.913746
1604210100000,385.9,385.5,385.9,385.41,107.47705500000001
1604210400000,385.5,385.36,386.15,385.36,38.71646543
1604210700000,385.55587223,385.11,385.84780962,384.92,84.37783634
1604211000000,385.28728983,385.32,385.32,385.08,8.40438167
1604211300000,385.45,385.29896732,385.46,385.16,10.198785
1604211600000,385.70767967,385.46245226,385.70767967,385.28,10.84175893
1604211900000,385.47412976,385.65,385.68,385.47412976,13.384415
1604212200000,385.78,385.79,385.79,385.78,1.03140053
1604212500000,386.09303702,386.62,386.75,386.09303702,24.4362961
1604213100000,386.59,386.66,386.88,386.59,12.484960000000001
1604213400000,386.59,386.75,386.75,386.58,17.944895
1604213700000,386.57,386.39,386.57,386.39,2.77105763
1604214000000,386.4,387.73,387.73,386.38,32.38520125
1604214300000,387.49,387.85,387.85,387.41,25.71068896
1604214600000,387.83221798,387.86,388.13,387.75,49.81742144
1604214900000,387.73,387.62,387.78,387.6,6.2737022
1604215200000,387.54,387.26,387.6,387.18,6.968501509999999
1604215500000,387.26,387.57,387.57,387.26,12.4329
1604215800000,387.19,387.03,387.46,387.03,39.45378703
1604216100000,386.9,387.2,387.2,386.9,6.9520800000000005
1604216400000,387.19072161,387.49,387.49,387.19072161,2.1054081399999998
1604216700000,387.68117642,388.18330874,388.53,387.52936898,22.44711883
1604217000000,388.54,388.5336336,388.8138935,388.37,11.995315040000001
1604217300000,388.63,389.01,389.01,388.63,4.38891585
1604217600000,389.0,388.92,389.0686336,388.69,172.40134292
1604217900000,388.85,388.06,389.45,388.02,377.88216388
1604218200000,388.09,388.22,389.05,388.0,104.68631083
1604218500000,388.36,388.19,388.59,388.05,16.90454596
1604218800000,388.26,388.47,388.6,388.26,38.97657292
1604219100000,388.46,388.31,388.46,388.05,67.10327
1604219400000,388.14,387.16736662,388.14,387.11,24.43112471
1604219700000,387.58,387.3,387.58,387.3,15.734593049999999
1604220000000,387.52,387.44,387.52,387.44,11.25608358
1604220300000,387.66,387.33085156,387.66,387.25,22.744700990000002
1604220600000,387.33,387.15,387.33,387.12,7.20687
1604220900000,387.19,387.26,387.26,387.04,114.6917113
1604221200000,387.43594902,387.06226916,387.82,387.06226916,73.32635216999999
1604221500000,387.15,386.49007187,387.15,386.47,108.28764158
1604221800000,386.49,387.0,387.0,386.28,99.97343418
1604222100000,386.68,386.33,386.76,386.24484447,13.96847671
1604222400000,386.44,387.13,387.13,386.39665191,46.20566428
1604222700000,386.97,386.51,386.99,386.51,94.25933963
1604223000000,387.01,386.75865427,387.01,386.75865427,1.20338143
1604223300000,386.65,387.06,387.13,386.65,10.80186778
1604223600000,386.82871925,386.58349184,386.82871925,386.58349184,9.777161
1604223900000,386.58434415,386.15,386.58434415,386.04,51.4311056
1604224200000,386.26,386.11,386.412288,386.11,6.80190462
1604224500000,386.14,386.05,386.29,385.84780962,19.38979635
1604224800000,386.05,386.2,386.65,386.05,42.70850664
1604225100000,386.78,386.77033177,386.78,386.6,36.42875506
1604225400000,386.67,386.68,386.7,386.43,14.129730219999999
1604225700000,386.67,386.46,386.67,386.46,1.11307264
1604226000000,386.36,386.46,386.6769118,386.24,17.62931
1604226300000,386.5,386.4,386.5,386.4,0.54142266
1604226600000,386.49,386.55,386.55,386.49,4.97631035
1604226900000,386.68,387.04,387.04,386.67,11.60000069
1604227200000,387.05,387.16,387.36,387.05,8.27657342
1604227500000,387.2,387.57,387.71,387.176704,11.9222408
1604227800000,387.59,387.36,387.59,387.36,4.26700079
1604228100000,387.36,387.55,387.55,387.36,7.8275941
1604228400000,387.55,388.51,388.51,387.55,75.4199655
1604228700000,388.54,388.95,389.0,388.54,21.310583
1604229000000,388.85,388.68544105,388.9,388.33511618,31.20691103
1604229300000,388.58,389.03576591,389.4,388.58,137.24488786
1604229600000,389.03576591,387.85,389.03576591,387.85,55.140074
1604229900000,387.7,386.77,388.07,386.6769118,63.87777006
1604230200000,386.71,386.99,387.0,386.57,12.49138083
1604230500000,387.0,386.85,387.34,386.78,63.37730708
1604230800000,386.87542923,386.23,386.87542923,386.23,40.62704355
1604231100000,386.57,386.27987695,386.57,385.88,41.6454236
1604231400000,386.24,385.88,386.24,385.88,1.87004868
1604231700000,386.08,386.53,386.75,386.08,11.127772610000001
1604232000000,386.82,386.71,387.41,386.71,90.20526813
1604232300000,386.71,386.31,386.71,386.30323194,10.53547571
1604232600000,386.41,387.06,387.06,386.11,24.75113143
1604232900000,387.0524864,386.61852432,387.39,386.61852432,11.91531154
1604233200000,386.60684683,386.92,386.92,386.60684683,3.23287001
1604233500000,387.4,387.45,387.61,387.4,4.7701045
1604233800000,387.84,388.61,388.61,387.82,26.12629844
1604234100000,388.51027861,387.83298387,388.51027861,387.83298387,53.5540522
1604234400000,388.0,387.2,388.01,387.2,23.911838630000002
1604234700000,387.2053696,387.26,387.4,386.59,336.13924083
1604235000000,387.38923903,387.65,387.66,387.38923903,36.30563666
1604235300000,387.84466136,388.2,388.43,387.84466136,52.16183364
1604235600000,388.19,387.78,388.6386496,387.78,23.075459640000002
1604235900000,388.53,388.05,388.55,388.05,39.16092416
1604236200000,387.7512414,387.9,387.99,387.7512414,21.5
1604236500000,387.76,387.2531456,387.76,387.25,24.15040526
1604236800000,387.2531456,387.29,387.320032,387.25,2.74319629
1604237100000,387.38,387.3869184,387.3869184,387.23,88.26219269
1604237400000,387.38,386.78,387.38698108,386.72,68.11828272
1604237700000,386.78,387.18,387.1862592,386.78,2.97887112
1604238000000,387.18,387.0,387.18,386.99,17.58451973
1604238300000,387.0,387.56,387.56,387.0,93.15103129
1604238600000,387.83,388.21,388.21,387.83,66.03101803
1604238900000,388.23351299,387.68,388.2373312,387.5,207.77697597
1604239200000,387.68,387.95,388.22,387.56,29.28667918
1604239500000,388.12,388.22,388.23,388.12,15.72394254
1604239800000,388.16,388.24,388.25,388.16,5.21941519
1604240100000,388.24,387.86,388.24,387.82,243.08783628
1604240400000,387.86,387.24,387.86,387.17,66.37569863
1604240700000,387.36,387.18,387.37,387.18,2.88305454
1604241000000,387.18496795,387.5,387.50601399,387.18496795,1.44152185
1604241300000,387.4251392,387.77,387.77,387.4251392,14.9044476
1604241600000,387.82,388.03,388.25,387.78,350.90558169
1604241900000,388.03150129,387.27,388.03150129,387.27,26.39107943
1604242200000,387.48,387.6449088,387.6449088,387.48,3.15
1604242500000,387.64,387.73,387.92,387.32,27.3775412
1604242800000,387.93,388.25,388.29,387.91,106.06030621
1604243100000,388.2,388.9157504,389.0,388.2,98.00558333
1604243400000,388.88,389.4,389.5,388.88,30.95927305
1604243700000,389.48,389.25,389.5941696,388.82,79.41072452
1604244000000,389.3277033,389.2215168,389.5559488,389.2215168,40.63983654
1604244300000,389.5,389.54957572,389.565504,389.43,3.41329334
1604244600000,389.55,389.62,389.85,389.55,14.52654164
1604244900000,389.62,389.63,389.65,389.61964069,8.758981
1604245200000,389.62,389.72,390.0,389.62,95.6972864
1604245500000,389.79,389.06,390.0,389.06,157.74357986
1604245800000,389.2119616,388.82,389.29,388.82,23.4123155
1604246100000,388.64,388.51,388.85,388.45,11.13558014
1604246400000,388.46,388.38,388.71,388.0,201.34188522
1604246700000,388.39,388.41685865,388.97737844,388.36,40.10106158
1604247000000,388.5,389.29267082,389.29267082,388.47,42.64363258
1604247300000,389.3839552,389.8,389.8,388.94,28.10002515
1604247600000,389.8,389.41,389.8,389.37441329,13.60767496
1604247900000,389.4,388.2659968,389.4,388.26,62.033782519999995
1604248200000,388.43,388.69,388.69,388.43,25.4155199
1604248500000,388.7,388.79053851,388.8,388.7,10.53151171
1604248800000,388.67,388.88,389.28,388.63,112.27285441
1604249100000,388.88,389.31,389.32,388.88,10.473547100000001
1604249400000,389.31,389.14,389.45,388.98,121.40588049
1604249700000,389.1546304,389.38,389.38,388.9,84.66473112
1604250000000,389.39,389.23,389.59,389.17,40.28479881
1604250300000,389.19,388.89664,389.19,388.88,0.8141463200000001
1604250600000,388.89,388.73215103,388.89,388.52,15.01688019
1604250900000,388.74,389.12918588,389.13,388.74,11.23246936
1604251200000,389.12918588,389.32,389.41,389.12918588,16.19425088
1604251500000,389.32,388.7,389.32,388.7,30.1046053
1604251800000,388.7,389.41150805,389.42,388.7,9.34585108
1604252100000,389.41150805,389.23,389.42,389.22,8.45897881
1604252400000,389.23,389.33383805,389.33383805,389.22,20.02513061
1604252700000,389.34,389.81,390.0,389.3393808,544.02250698
1604253000000,389.80648062,389.75,389.92930807,389.6,167.09298536
1604253300000,389.76,389.65,389.84,389.65,27.731094979999998
1604253600000,389.65467318,389.72,389.72,389.65,13.41837588
1604253900000,389.77144814,389.52,389.77144814,389.14,102.14071096
1604254200000,389.5962857,389.35,389.61,389.35,22.2460871
1604254500000,389.35541212,389.25,389.35541212,389.25,11.70911761
1604254800000,389.25,389.09,389.25,388.69,86.59063769
1604255100000,389.09,389.24,389.26,388.94,119.76300602
1604255400000,389.27,389.13,389.27,389.13,5.15
1604255700000,389.24,389.6,389.6228352,389.23428334,16.4586884
1604256000000,389.72,389.62,389.85,389.58,42.32183927
1604256300000,389.64,389.5962857,389.64,389.5962857,6.38517097
1604256600000,389.69,389.83,389.85,389.69,9.29127794
1604256900000,389.82390237,389.14,389.83,389.14,14.83440987
1604257200000,389.06,389.28,389.28099332,389.06,5.97488514
1604257500000,389.28,389.57,389.57,389.0824759,48.036926199999996
1604257800000,389.73,389.84151311,389.84151311,389.72473815,2.59774
1604258100000,389.85,389.85,389.87167842,389.84,110.37693332
1604258400000,389.84151311,389.65,389.84151311,389.46,8.52067105
1604258700000,389.65190859,390.0,390.0,389.65,145.86263616
1604259000000,390.0,390.24,390.25,390.0,95.55387146
1604259300000,390.02,389.61,390.02,389.61,11.94231813
1604259600000,389.46,389.46,389.76,389.46,16.84356348
1604259900000,389.45615576,389.25763833,389.45615576,389.25763833,202.78664107
1604260200000,389.25,388.95,389.25,388.85,5.42342808
1604260500000,388.92,388.92,389.02,388.91,9.271325189999999
1604260800000,389.04,389.53789822,389.67101901,389.04,80.74476345
1604261100000,389.41,389.68970567,389.69,389.41,6.36631195
1604261400000,389.68,389.83234483,390.03,389.68,163.99358107
1604261700000,389.84399483,390.86,390.86,389.84399483,86.5793316
1604262000000,390.86919362,391.81284372,391.82,390.86919362,279.15768389
1604262300000,391.75,392.27884377,392.36039378,391.75,67.99125350999999
1604262600000,392.28,392.23224377,392.67,391.98,103.45218194
1604262900000,392.3,392.88,392.98,392.3,111.7316718
1604263200000,392.6,393.70014393,393.85,392.6,124.58483799
1604263500000,393.71,394.28,396.8483493,393.1,2763.84061043
1604263800000,394.41,393.89,394.61,393.60694392,110.85102765
1604264100000,393.92,394.49,394.91,393.73,30.94554149
1604264400000,394.33,395.89,396.65,394.33,405.33188914
1604264700000,395.89,396.11,396.69,394.99,257.02452458
1604265000000,396.18,396.22,396.65,396.06,95.00989131
1604265300000,396.1,396.63,397.36001885,396.02,539.89968793
1604265600000,396.64,396.34,396.66,396.15,125.07049229
1604265900000,396.3347841,396.32,396.44,395.47,464.96446755
1604266200000,396.4,395.38,396.45,395.26,193.01219173
1604266500000,395.57360601,395.1,395.70935138,394.06663038,349.61561438
1604266800000,395.19,396.42,396.42,395.19,665.80680851
1604267100000,396.16,395.54555536,396.45,395.49897537,73.55875742
1604267400000,395.77,396.64,396.64592695,395.67,34.84848279
1604267700000,396.65,396.64,396.65,396.16,65.13743762
1604268000000,396.64,395.77,397.49,395.74,93.72179922
1604268300000,395.76,395.78,396.3,395.65,165.00266831000002
1604268600000,395.94,396.49,396.6,395.58,144.63636699
1604268900000,396.4,396.06,396.66831551,395.84,39.2471919
1604269200000,396.2722413,397.28,397.3293856,396.27,45.59503143
1604269500000,397.1,396.55,397.11,396.48,37.669241219999996
1604269800000,396.49,396.05,396.5,396.05,121.07963475
1604270100000,396.05,396.29,396.29,395.66,78.49454093
1604270400000,395.99,395.73,395.99,395.29,54.04359207
1604270700000,395.68,394.3,395.73,393.35709128,475.938195
1604271000000,394.51,394.89437191,394.96,394.39779774,106.64011956
1604271300000,394.9521165,395.0,395.7,394.9521165,22.45501974
1604271600000,395.12,393.58,395.54,393.58,340.25220461
1604271900000,393.92,394.44,395.05,393.29525673,83.75816083
1604272200000,394.63,395.05,395.3,394.61,4.23197251
1604272500000,395.42451484,394.78,395.44,394.44,37.53093833
1604272800000,395.35466008,394.88,395.35466008,394.79,82.19746077
1604273100000,395.01,394.89,395.01,394.5,27.222104
1604273400000,395.21443518,394.91,395.25,394.67,30.80174379
1604273700000,394.88,394.88,395.26,394.88,42.39700722
1604274000000,395.23,395.45,395.45,394.97,15.677382979999999
1604274300000,395.4382461,394.53,395.4382461,394.46,61.639959250000004
1604274600000,394.68872263,395.45,395.45,394.46,183.56127907
1604274900000,395.45,396.56,396.75434665,395.45,105.95264158
1604275200000,396.66,398.54,398.87,396.66,610.35956517
1604275500000,398.61698842,398.3841582,399.5,398.28,1418.41789291
1604275800000,398.39,399.21,399.21,398.39,83.69746506
1604276100000,399.03888843,399.78,400.65,399.03888843,507.91148486
1604276400000,399.73,400.6725318,401.0,399.04064537,203.1780567
1604276700000,400.93,400.73338819,401.0,400.16,157.87863692
1604277000000,400.76,401.44,401.61,400.76,360.93033484
1604277300000,401.43,402.25,402.25,401.06818675,89.15968176
1604277600000,402.25,403.38,404.91,402.25,959.8208483
1604277900000,403.38462143,402.75,403.75,402.03,165.21734921
1604278200000,402.49,402.44,403.01217328,402.44,61.66844782
1604278500000,402.49,402.76,403.18,402.48841807,82.29199567
1604278800000,402.76,401.42,403.3,400.95,290.76635146
1604279100000,401.3707698,401.62985102,401.99,401.35,356.16194534
1604279400000,401.95,402.48,402.48,401.84,55.18240695
1604279700000,402.5,402.33,403.11,402.33,156.48997233
1604280000000,402.54,402.26,402.54,402.06,6.33005449
1604280300000,402.08842281,402.01,402.48,402.01,73.65173865999999
1604280600000,402.1,401.64,402.1,401.59272728,65.94918105
1604280900000,401.63,402.76864313,402.76864313,401.60437001,234.25826216000002
1604281200000,402.65203656,402.72,402.95,402.45,25.236637469999998
1604281500000,402.79,402.63,402.9,402.15,32.87632236
1604281800000,402.47,401.70208926,402.47,401.70208926,12.76442
1604282100000,401.7,402.81,402.83,401.7,14.40514152
1604282400000,402.8,402.09,404.12860983,401.97,3429.9396158600002
1604282700000,402.02,401.01,402.02,401.0,274.61258273
1604283000000,401.0,399.64,401.08,399.25,405.62480293
1604283300000,400.02561129,400.47,401.35,400.01516993,98.88657591
1604283600000,400.44,400.86382449,401.05,400.01,368.8548718
1604283900000,400.82,401.22,401.85,400.72,28.21476046
1604284200000,401.39,400.86846591,401.78815601,400.85,211.22687999000001
1604284500000,400.85,401.22,401.75,400.76369109,4.19100823
1604284800000,401.57,401.55,401.7,401.41,34.72199849
1604285100000,401.52,401.85,401.85,401.26,33.90620883
1604285400000,401.78,401.47,402.13,401.43,37.91885615
1604285700000,401.35,401.09,401.49,400.86,45.02277708
1604286000000,401.12,401.37,401.72,401.08,30.2723968
1604286300000,401.41,400.89,401.42530241,400.69,23.71496077
1604286600000,400.91,399.85,400.91,399.66,205.2514063
1604286900000,399.86,399.0,399.86,398.32121503,106.05683374
1604287200000,398.98928863,399.45,399.45,398.91285207,12.62051971
1604287500000,399.44,399.34806167,399.79975581,399.26,11.24533591
1604287800000,399.30930568,399.29,399.30930568,398.6,26.57455764
1604288100000,399.29,399.21,399.67,398.85,460.36742335
1604288400000,399.05,399.48,399.59,398.94522465,1.79705323
1604288700000,399.4,399.0,399.4,398.99,22.69915967
1604289000000,399.13,399.67547278,399.67547278,399.13,72.60215468
1604289300000,399.67547278,399.0,399.67547278,399.0,29.24698537
1604289600000,399.0,399.22,399.42,398.71,35.73704961
1604289900000,399.36,400.0,400.0,399.3,34.4224178
1604290200000,400.0,400.29212645,400.43,399.52,63.01177317
1604290500000,400.32,400.2,400.46,400.02,14.29188221
1604290800000,400.0,399.39,400.06,399.39,53.209856169999995
1604291100000,399.4,398.14,399.4,398.07,195.02868775
1604291400000,398.52,397.8684167,398.58,397.68,67.3556005
1604291700000,397.86,397.58,397.86,397.18,125.13384014
1604292000000,397.75206389,397.5101596,397.84,397.37,137.40029
1604292300000,397.51,397.6907698,398.092803,397.51,18.60249
1604292600000,398.01328802,397.62502009,398.01328802,397.61,13.45671604
1604292900000,398.11,398.36,398.63695863,397.87,11.846831270000001
1604293200000,398.26,397.89010956,398.28,397.76216687,23.72055115
1604293500000,398.16925723,398.76244602,398.98,398.07,47.91569126
1604293800000,398.56,398.0,398.56471642,398.0,22.01364973
1604294100000,398.0,397.7,398.0,397.3,91.35422159
1604294400000,397.59,398.47,398.47,397.59,1.4875
1604294700000,398.58768965,398.89,398.89,398.5,47.2028242
1604295000000,398.88,398.46,398.88,398.07,258.79496647
1604295300000,398.52,398.44,398.52,398.11,34.23170379
1604295600000,398.4,398.52,398.62,398.4,7.6733267099999996
1604295900000,398.46,398.58,398.59,398.46,1.1500000000000001
1604296200000,398.66,398.46,398.76,398.46,5.6
1604296500000,398.25,398.19,398.29486622,398.19,11.32278518
1604296800000,398.16,398.51028662,398.54,397.72,34.479083689999996
1604297100000,398.51028662,398.73,398.81,398.51028662,16.44517976
1604297400000,398.97,399.0,399.0,398.97,0.52472702
1604297700000,399.0,399.05,399.05,398.9,115.70726025
1604298000000,399.05,399.01,399.2,399.0,35.62450717
1604298300000,399.0,398.85,399.0,398.71,9.39
1604298600000,399.0,398.88,399.23,398.87,30.198313629999998
1604298900000,398.87,398.66201209,398.99941756,398.66201209,31.890602010000002
1604299200000,398.77835881,398.63,398.80162815,398.4991267,24.76437416
1604299500000,398.66587687,398.66587518,398.66587687,398.66,7.1327339599999995
1604299800000,398.66,398.44,398.66,398.44,33.72973815
1604300100000,398.47967517,398.62,398.62,398.47,9.68275205
1604300400000,398.59,398.55,398.59,398.54,23.02771233
1604300700000,398.54443795,399.09,399.1,398.54443795,26.734152950000002
1604301000000,399.09,400.1,400.14,399.09,221.13804772
1604301300000,400.06,400.39,400.59,400.06,338.44417738
1604301600000,400.36,400.38,400.84,400.36,167.6188309
1604301900000,400.38,400.36,400.63,400.36,54.51283111
1604302200000,400.36,399.82,400.36,399.65549884,70.16290579
1604302500000,399.75,399.54,399.75,399.48092088,33.15533808
1604302800000,399.54,399.01,399.54,399.01,75.81360676
1604303100000,399.3,399.3420631,399.43600962,399.01,273.60369531
1604303400000,399.32,399.24987372,399.32,399.14,22.49804629
1604303700000,399.36,399.4,399.4,399.11,33.8413794
1604304000000,399.43,398.91,399.43,398.71,36.53361347
1604304300000,398.95,398.81555171,399.02,398.70918883,48.78350765
1604304600000,398.95,398.03,398.95,398.0,69.58640249
1604304900000,398.05,397.3161346,398.05,397.3161346,130.40279376
1604305200000,397.344748,397.55,397.7,397.344748,14.65134593
1604305500000,397.67,391.74,397.67,387.79,7913.9639925
1604305800000,391.65,391.95,392.8,390.83,619.56763138
1604306100000,391.76,388.38,391.76,385.62,3979.53949708
1604306400000,388.18,388.72,389.33,386.71,658.60320154
1604306700000,388.86,386.89386214,388.86,386.71,331.78674058
1604307000000,386.88,387.69,388.1,386.88,253.75893132
1604307300000,387.56,384.32,387.56,382.94,1945.32018491
1604307600000,384.15,383.45,386.05,382.57,1222.9080352
1604307900000,383.67,386.04837831,386.1,383.67,712.80741872
1604308200000,386.04,386.22,386.59,384.57,647.34447195
1604308500000,385.97010754,386.27,386.32,385.54782672,376.95465397
1604308800000,386.17,385.6466737,386.32195997,385.3,172.02996043
1604309100000,385.55,385.64,386.32,385.3672449,155.44172466
1604309400000,385.76,386.54,386.57624516,385.76,62.56822733
1604309700000,386.35,386.97,387.21,386.35,113.48619944000001
1604310000000,387.02,387.37,387.38,386.39,45.5241161
1604310300000,387.35,387.19,387.37,386.85,161.64163046
1604310600000,387.19,387.0,387.19,386.83,23.030680699999998
1604310900000,386.87,386.97,387.34,386.73473524,171.47428491
1604311200000,387.07,385.47734732,387.07,385.33,121.01517209
1604311500000,385.50991341,385.44695253,385.78928529,385.25,156.17067511
1604311800000,385.39924988,385.11472165,385.47,385.06,343.89934087
1604312100000,385.1145465,384.91,385.35,383.18,1091.55741919
1604312400000,384.96,385.18,385.68,384.76,256.79963534
1604312700000,385.1,385.47,385.98,384.74,208.62406919
1604313000000,385.50110952,385.81,385.9,385.1,29.28146397
1604313300000,386.09,384.82,386.31,384.82,84.03308997
1604313600000,385.17,384.63316192,385.17,383.65,716.94903785
1604313900000,384.82410372,385.07,385.32,384.56,90.59560766
1604314200000,385.06,385.02,385.45,384.93,617.40504892
1604314500000,385.09,383.11,385.52505917,382.97,573.33824489
1604314800000,383.38,383.78,383.85,382.11,823.67100787
1604315100000,383.78,384.57,384.85,383.78,40.2746443
1604315400000,384.66,383.46,384.66,383.35,615.45667792
1604315700000,383.47,384.18,384.19,383.22,377.17966218
1604316000000,384.2,382.56,384.21,381.21,2653.57952202
1604316300000,382.47,383.64,383.7,381.66,516.58473268
1604316600000,383.63,384.93072876,385.14,383.57,278.83608039
1604316900000,384.93,385.06,385.24040979,384.64,95.31120129
1604317200000,385.05402193,383.86,385.05402193,383.86,147.54308098
1604317500000,383.7,384.43,385.18,383.66,265.50775129
1604317800000,384.84,384.18,384.84,384.18,50.28236084
1604318100000,384.28,384.13,384.74,383.66,203.18130674
1604318400000,384.0,383.71,384.0,382.53,321.14351076
1604318700000,383.7,382.66,383.7,382.66,183.41135253
1604319000000,382.75,382.6569194,382.94,382.26,113.53125568
1604319300000,382.66,383.96,384.22,382.2808512,679.35147144
1604319600000,383.83,383.27,384.03,383.27,182.45389722
1604319900000,383.25,384.03,384.03,383.25,79.80563468
1604320200000,384.23,383.01,384.23,383.01,83.32177637
1604320500000,383.01861115,381.2,383.01861115,380.17,901.44301278
1604320800000,381.04,380.27,381.17,379.2,1564.65757083
1604321100000,380.28,380.57401536,380.65,377.86,1449.62320368
1604321400000,380.71,381.01,381.43,380.31,714.69965882
1604321700000,381.12,380.65,381.99,380.62,178.99853693
1604322000000,380.51,381.26961861,381.47,379.99,173.5010709
1604322300000,381.27,381.92,382.0,381.27,289.66295254
1604322600000,381.98,382.36,382.42,381.58,145.18454226
1604322900000,382.35,381.83,382.35,381.67,47.21335491
1604323200000,382.13,382.37,382.37,382.00713386,7.14836929
1604323500000,382.18,382.3,382.37,382.16,99.89753817
1604323800000,382.3527699,383.4,383.4,382.18,273.8181657
1604324100000,383.28,383.73874004,383.83,383.21,76.86478242
1604324400000,383.73,384.08,384.18,383.51,352.63779106
1604324700000,384.08,383.74,384.09,383.64,27.36194209
1604325000000,383.93,383.72,384.18,383.72,59.04052965
1604325300000,384.13,383.8,384.24,383.55,49.004632120000004
1604325600000,383.63766726,383.27,383.63766726,382.85,75.7118211
1604325900000,383.27684195,382.52,383.7,382.52,95.41061539
1604326200000,382.49,381.69,382.57,381.69,95.17543158
1604326500000,381.84663545,381.66,382.25,381.65,23.66103232
1604326800000,381.89,382.93941736,382.93941736,381.74191792,26.02362719
1604327100000,382.84,383.04455749,383.05,382.81,20.98492418
1604327400000,383.05,383.92,383.99,382.9,77.51077963
1604327700000,383.98,385.27,385.28,383.98,213.68880501
1604328000000,385.06,385.02,385.19,384.95,125.72657938
1604328300000,385.01,385.0,385.65121541,385.0,160.45807904
1604328600000,385.07,384.79,385.44,384.78,18.61478572
1604328900000,384.79,384.7,384.94,384.68,31.38779717
1604329200000,384.91,384.52941552,385.34,384.4,54.12657633
1604329500000,384.40536146,384.37512616,384.40536146,384.16,32.63339644
1604329800000,384.37512616,384.3,384.86,384.3,60.80872554
1604330100000,384.31,385.08110284,385.14,384.2896356,10.07671435
1604330400000,385.12,384.9415217,385.14189159,384.58,63.44659648
1604330700000,384.96,385.3,385.3,384.86009937,25.51305361
1604331000000,385.33,386.32,386.32,385.13,270.88880218
1604331300000,386.32,386.61,386.76,386.16,243.39428198
1604331600000,386.6,386.8,386.92,386.19,98.21887802
1604331900000,386.76705536,385.69725841,386.7765948,385.57,72.48283903
1604332200000,385.66,385.44143702,385.91,385.44,93.13324321
1604332500000,385.44,385.0,386.05,385.0,118.54699087
1604332800000,384.92,385.69,386.11,384.23053862,537.54240884
1604333100000,385.62,384.70265694,385.62,384.70265694,14.40368293
1604333400000,384.93,385.28,385.29611839,384.88,27.83140473
1604333700000,385.38,385.81114356,385.82278331,385.01,29.04339079
1604334000000,385.51,385.36,385.51,385.1,43.79155928
1604334300000,385.19,384.87,385.19,384.85,16.10866399
1604334600000,384.87,384.69,385.06,384.69,38.58972273
1604334900000,384.68,384.51,384.74,384.46102915,26.42463763
1604335200000,384.68,384.86,385.34511502,384.68,67.09555224
1604335500000,384.8668749,385.56,385.56,384.79,52.5162676
1604335800000,385.36683097,384.82024434,385.37,384.82024434,19.593826
1604336100000,384.85,385.99,386.25,384.71,263.5569052
1604336400000,385.9,385.38,385.9,385.38,27.723223779999998
1604336700000,385.52,385.18,385.6,385.17872313,50.085093810000004
1604337000000,385.17,385.58,385.58511886,385.01,22.47738568
1604337300000,385.69956694,386.07,386.22412064,385.69956694,23.49898543
1604337600000,386.12,386.15735926,386.24,386.09,34.44570082
1604337900000,386.2,386.91,386.95,386.16,614.8809446
1604338200000,386.75,385.97,386.75,385.83084643,29.48375986
1604338500000,385.65,385.06,385.65,384.95,31.07095104
1604338800000,385.06318587,385.13,385.66,385.06318587,32.89506739
1604339100000,385.07,385.37,385.37,384.98,7.450301550000001
1604339400000,384.96,385.41,385.68,384.96,7.525934469999999
1604339700000,385.38,385.44932646,385.51,385.12455644,44.183999060000005
1604340000000,385.34,385.4,385.4,384.92,59.965395
1604340300000,385.38,385.66,386.25,385.38,16.571869579999998
1604340600000,386.14,386.26,386.48,386.09,21.806281470000002
1604340900000,386.22261678,385.69,386.22261678,385.69,22.0567857
1604341200000,385.68,385.56,385.68,385.49,71.38593339
1604341500000,385.56,385.25,385.59693853,385.25,4.11800717
1604341800000,385.25,385.12,385.25,384.85,36.82463155
1604342100000,384.93019511,384.2,384.93019511,384.1921218,1281.32831482
1604342400000,384.2,384.75,385.25,384.2,619.75862256
1604342700000,384.9,384.84,385.27758687,384.84,37.13485606
1604343000000,384.76,384.49,384.77,384.48,135.66146819
1604343300000,384.46,384.75,384.84,384.39590379,118.00742132
1604343600000,384.6,385.26,385.31,384.6,130.96059
1604343900000,385.06,385.17,385.36780981,384.98,34.50909733
1604344200000,385.19,385.52,385.6,385.09,218.64379706
1604344500000,385.67,385.76,385.92839897,385.63,182.44810999999999
1604344800000,385.59,385.92839897,386.08,385.59,8.08179398
1604345100000,385.78,386.14,386.34,385.66,63.42520321
1604345400000,386.27,385.77,386.27,385.68,29.91663846
1604345700000,385.88,385.6,386.12,385.6,11.6377765
1604346000000,385.7489129,385.97,386.05,385.71,12.73376755
1604346300000,386.16,386.22,386.43,385.93,53.3246564
1604346600000,386.16,386.10345775,386.3,385.97,17.279799999999998
1604346900000,386.09485712,386.41,386.41,386.09485712,0.38717153000000004
1604347200000,386.46,386.69,386.78,386.46,17.07412258
1604347500000,386.7,386.45,386.81,386.43,2.7034883499999998
1604347800000,386.69,386.38,386.81,386.38,15.14552753
1604348100000,386.39,387.22,387.23,386.39,189.7575669
1604348400000,387.23,387.58,388.03516188,387.22,486.40295428
1604348700000,387.77,387.41,387.77,387.41,7.69325132
1604349000000,387.57,387.73859945,388.57,387.57,104.6847021
1604349300000,387.68042237,387.36,387.68042237,387.16,266.22477415000003
1604349600000,387.36,386.9102684,387.36,386.81,243.93226844
1604349900000,387.0,387.44,387.7,387.0,208.50644658
1604350200000,387.24763266,386.69,387.39886491,386.69,433.30276223
1604350500000,386.95,387.2,387.23,386.55,151.25168896
1604350800000,387.34,386.52,387.39570388,386.52,37.79829478
1604351100000,386.55,386.52,386.75,386.52,65.19460262
1604351400000,386.57,386.39,386.79,386.2,169.33897128
1604351700000,386.42,386.23,386.42,386.20276266,22.94460079
1604352000000,386.21,386.16,386.43,386.15,69.73982756
1604352300000,386.19321689,385.29,386.19321689,385.29,217.32029970000002
1604352600000,385.59,385.38229147,385.66,385.25935088,27.77537297
1604352900000,385.52,386.03449461,386.03449461,385.52,3.972
1604353200000,385.83,385.4,385.98,385.34433116,8.944874330000001
1604353500000,385.58,385.32,385.64986003,385.32,7.28546584
1604353800000,385.32,385.97,385.97,385.25,14.533126489999999
1604354100000,385.97,385.38,385.97,385.32,41.47647558
1604354400000,385.4611063,385.43,385.61610282,385.35772492,17.63772266
1604354700000,385.40290416,385.22,385.41,385.21,5.4006464
1604355000000,385.21,385.01,385.21,384.78,102.60764162
1604355300000,385.01,384.94,385.01,384.92,25.76053776
1604355600000,384.94,384.52,384.94,384.2,28.89420171
1604355900000,384.58,385.44,385.45,384.58,23.97608949
1604356200000,385.45,385.21,385.69,385.21,19.68337125
1604356500000,385.21,385.1,385.22,384.97,78.72119743
1604356800000,385.02,384.69,385.02,384.69,6.3652484000000005
1604357100000,384.67,384.06,384.73,384.06,46.72056815
1604357400000,384.05,382.84,384.05,381.31,480.8704418
1604357700000,382.97,383.22,383.22,382.34,60.714903220000004
1604358000000,383.22,382.61,383.24,382.61,208.18144675
1604358300000,382.61,382.92,383.07740277,382.26,59.22756491
1604358600000,382.82,382.7,382.82,382.36,494.24886393
1604358900000,382.81,383.24,383.24,382.36,388.92183315
1604359200000,382.67,383.2,383.37,382.67,20.78579075
1604359500000,383.27,383.04,383.33,382.9,52.57203986
1604359800000,383.04,383.42,383.42,383.03,20.70872861
1604360100000,383.41,384.2276813,384.2276813,383.40123501,96.08578942
1604360400000,383.91,384.37,384.42,383.91,498.06612595
1604360700000,384.29,384.5,384.68,384.23,857.02994527
1604361000000,384.37,383.25,384.49,383.25,81.13118329
1604361300000,383.34,383.35,383.99,383.26244625,136.78852446
1604361600000,383.35,382.68,383.35,382.27,173.6221491
1604361900000,382.57670603,382.3,382.64,382.27,42.01966323
1604362200000,382.27,382.3,382.7513348,382.26,35.606188870000004
1604362500000,382.42,382.35,382.6,382.35,34.36282572
1604362800000,382.31,382.18,382.99,382.18,35.970348369999996
1604363100000,382.1627875,381.65,382.1627875,381.65,23.87889603
1604363400000,381.64,381.6,381.88047554,381.53,20.17191213
1604363700000,381.67,381.99,381.99,381.5,347.92180345
1604364000000,382.18325952,382.71,382.84,382.18325952,31.39903847
1604364300000,382.92184802,383.14,383.17,382.92184802,82.43357242
1604364600000,383.2,383.42,383.42,383.2,0.88144596
1604364900000,383.45,383.82,384.63329563,383.45,335.70993974
1604365200000,383.82,384.36,384.41612906,383.82,10.97694054
1604365500000,384.4,384.07851344,384.57911591,383.98,3.27480111
1604365800000,384.07851344,384.28,384.43,383.75,7.87763747
1604366100000,384.17,384.2682888,384.27,384.15,0.23920109
1604366400000,384.29,384.43,384.43,384.29,0.0560671
1604366700000,384.41966722,384.2,384.95,384.2,266.04359782
1604367000000,384.26,384.02987873,384.47,384.02180391,21.1716299
1604367300000,384.47,383.88,384.47606082,383.88,16.95090204
1604367600000,383.87,383.42,383.94,383.42,12.28065143
1604367900000,383.44,383.83,383.83,383.44,10.78035985
1604368200000,383.83,384.36500944,384.36500944,383.83,10.23163237
1604368500000,384.45,385.01,385.01,384.45,22.52525403
1604368800000,384.88,385.26,385.269185,384.88,30.96975677
1604369100000,385.27813257,385.27,385.77,385.27,51.39142772
1604369400000,385.269185,385.3204617,385.39463991,384.84,368.53094009
1604369700000,385.13,384.81567169,385.13,384.70777935,21.06701531
1604370000000,384.81,384.72,384.88,384.68,41.55022877
1604370300000,384.87,384.53,384.87,384.45,24.85600334
1604370600000,384.54,383.25,384.61224983,383.25,43.33358551
1604370900000,383.24,381.72,383.24,381.72,183.73289879
1604371200000,381.75,381.85,382.16,380.98,286.3105499
1604371500000,381.6,380.32,381.6,380.32,525.06607632
1604371800000,380.49,380.86,381.34,380.41,34.42035571
1604372100000,380.68,379.02770185,380.68,378.72,310.37515845
1604372400000,379.35,380.64,380.74,379.0510044,259.4022307
1604372700000,380.588973,378.45,380.83364983,378.45,342.94172349
1604373000000,378.45,376.92,378.49,375.32,2652.67316793
1604373300000,376.64,377.72,378.18,376.08,147.8228772
1604373600000,377.61,377.46,377.71,376.88,26.716606810000002
1604373900000,377.57,375.87,377.66,375.82,125.6406218
1604374200000,375.78,374.65,375.78,371.0,2994.62831232
1604374500000,374.74,375.09,375.48,374.74,196.1907686
1604374800000,375.14,375.39393586,375.5,374.8,99.33068621
1604375100000,375.40236005,374.89,375.41,374.12,100.16484031
1604375400000,374.92791033,374.07,374.93,374.07,55.00963357
1604375700000,374.05,374.47,374.58,373.77,141.80659217
1604376000000,374.34,373.63,374.35118191,372.77,343.54025829
1604376300000,373.75,374.29,374.40945032,373.75,161.01003872
1604376600000,374.48,374.77,375.0,374.48,108.62154786
1604376900000,374.77,374.99,375.0,373.66,499.4967498
1604377200000,374.99985,373.6620807,375.0,373.6620807,48.14889941
1604377500000,373.66285,372.67,373.66285,372.35679242,107.93435701
1604377800000,372.66,372.72,372.95,370.52,433.14347726
1604378100000,372.92973713,373.58,374.04,372.92973713,409.22969689
1604378400000,373.56,373.74,373.74,373.12,22.34167523
1604378700000,373.42,373.72,374.08183758,373.31,44.15982151
1604379000000,373.73,373.94,374.18672034,373.51,157.79219408
1604379300000,373.97,374.02733096,374.33,373.97,270.43872121
1604379600000,374.09,374.99,374.99,374.0,356.10843791
1604379900000,374.98267114,374.99,375.0,374.77,37.80717782
1604380200000,374.99,375.56,375.82150642,374.99,424.20810382999997
1604380500000,375.56,375.58,376.39,375.3,377.6761632
1604380800000,375.53,375.45,376.17,375.31,189.42761244
1604381100000,375.44,375.75,375.88,375.41,40.3537434
1604381400000,375.74,375.43,375.74,375.42904646,26.60221804
1604381700000,375.43,375.86,375.87,375.43,21.45319151
1604382000000,375.74,375.23,375.74,374.97,66.44559724
1604382300000,375.2,374.7769032,375.2,374.61,14.1770419
1604382600000,374.8118757,374.87,375.24,374.8118757,10.45541348
1604382900000,374.78,374.54,374.78,374.29,12.747303500000001
1604383200000,374.38,372.63801288,374.38,372.56,74.04103314
1604383500000,373.05,373.38396492,373.54,372.97,89.13181166
1604383800000,373.42,373.97,373.97,372.54,254.38575505
1604384100000,373.84,375.21,375.28846698,373.84,345.92571943
1604384400000,375.22,375.76,375.77,375.22,6.89352505
1604384700000,375.63,376.14,376.14,375.21,32.79017825
1604385000000,376.0703364,375.49,376.08,375.49,415.41431902
1604385300000,375.87,375.41,375.88078887,375.32137308,10.81814484
1604385600000,375.59,375.81,375.98,375.59,76.00066489
1604385900000,375.97434369,375.73,375.97434369,375.73,10.303748030000001
1604386200000,375.86,375.59621521,376.22580378,375.46,58.36512145
1604386500000,375.97,375.61,375.97,375.47,21.81127803
1604386800000,375.78,375.36,375.78,375.22,131.46590536
1604387100000,375.3619077,374.87,375.36656841,374.85,213.36746988
1604387400000,374.99,375.01,375.01,374.84185744,64.5527532
1604387700000,375.05,375.71,375.85,375.05,56.96292564
1604388000000,375.79,375.1,375.79,375.1,13.570263
1604388300000,375.1,374.69684142,375.1,374.51,39.8375567
1604388600000,374.82,374.78,375.23,374.77,281.1816934
1604388900000,374.87943857,375.11,375.36,374.75115106,42.91693838
1604389200000,374.72,375.83,375.98,374.6,140.29053507
1604389500000,375.82,375.89,375.98,375.55,35.65938118
1604389800000,375.92134272,375.70500972,376.05,375.70500972,90.19105541
1604390100000,375.8,375.64,375.93,375.10996747,71.08821388
1604390400000,375.59,374.85,375.6263912,374.85,40.5136854
1604390700000,374.58,375.34,375.34,374.47,18.59488542
1604391000000,375.34,377.53,377.67,375.29,199.48003068
1604391300000,377.67,377.05371561,378.32,377.04204429,433.49955317
1604391600000,377.35,378.02,378.12,377.35,139.48484454
1604391900000,378.02,377.9,378.34,377.89,26.03375302
1604392200000,378.18,378.33,378.44,377.96204956,18.02998234
1604392500000,378.33,378.82,378.82,378.29103708,45.639438309999996
1604392800000,378.8,377.82780714,378.8,377.81058304,86.33834575
1604393100000,377.98,378.28,378.59,377.98,66.68390292
1604393400000,378.15,378.17,378.86,378.0,250.84414107999999
1604393700000,378.32,377.85117384,378.32,377.85117384,9.27178643
1604394000000,377.93,377.44425168,377.93,377.01,525.95195271
1604394300000,377.44425168,377.43,377.6428881,377.43,51.76385658
1604394600000,377.1274276,377.09,377.39,377.01,57.72079818
1604394900000,377.15,377.03,377.36,377.02,4.1894276
1604395200000,377.37,377.30822784,377.44843032,377.17,7.42497
1604395500000,377.41,377.78,377.89240482,377.41,11.09062697
1604395800000,377.79,378.11,378.19227517,377.79,4.55494878
1604396100000,378.11,379.0,379.29,378.01,207.50674902
1604396400000,378.85,379.0,379.0,378.50792251,58.8639557
1604396700000,378.92,379.01022166,379.3,378.89,112.91011900999999
1604397000000,378.95,379.09,379.09,378.66058729,13.16993115
1604397300000,379.0881058,378.99,379.0881058,378.93,38.95792266
1604397600000,378.92,378.57,379.29,378.57,66.06513532
1604397900000,378.61,378.14,378.6369736,378.14,65.38439604
1604398200000,378.26,378.23,378.3,378.14,17.83
1604398500000,378.18,378.35,378.55,378.18,111.86482953
1604398800000,378.38438532,379.04,379.11,378.38438532,2.79303205
1604399100000,378.71,378.85,379.45,378.71,151.81468272
1604399400000,378.76,378.61,379.01,378.49,26.49515862
1604399700000,378.7091054,378.62,378.7091054,378.52,29.15958208
1604400000000,378.64,378.43,378.73,378.05,68.81224568
1604400300000,378.44,378.57,378.6,378.44,57.89793514
1604400600000,378.6,381.48,381.48,378.6,946.7684686
1604400900000,381.48,381.16012374,382.0,380.85,402.52642952
1604401200000,381.17,380.45836427,381.17,380.14257295,94.04147286999999
1604401500000,380.46,380.73,381.44082615,380.46,52.80601085
1604401800000,380.63,380.45,380.68,380.44,69.46086836
1604402100000,380.45,380.45,381.0,380.44374832,186.06254307
1604402400000,380.8,380.55,380.8,380.52,15.870426
1604402700000,380.5958369,380.89,380.89,380.56,71.26176214
1604403000000,380.75,381.04658283,381.4094509,380.41,108.63172276
1604403300000,380.91,380.13355997,380.91,380.13355997,52.06107491
1604403600000,380.05,379.55,380.0984437,379.22,118.41362122
1604403900000,379.43,379.89,380.11,379.43,121.80338185000001
1604404200000,379.89,379.94,379.96,379.82,31.012683120000002
1604404500000,379.94,379.45,380.01,379.43,98.60661093
1604404800000,379.4,379.58,379.99,379.4,64.33492081
1604405100000,379.53,380.34625741,380.49,379.53,43.53878583
1604405400000,380.25,379.19,380.26,379.19,275.19673771
1604405700000,379.19,379.23,379.52,378.6,412.89909341
1604406000000,379.24,379.79,379.85,379.19,113.00904831
1604406300000,379.55,379.31,379.55,379.2,190.67652815
1604406600000,379.3,379.27,379.3,379.14,141.69393876
1604406900000,379.56,379.15,379.67,379.15,67.51122167
1604407200000,379.15,378.68901245,379.15,378.68901245,191.4222802
1604407500000,378.777243,379.04,379.3,378.77,34.82689958
1604407800000,379.01,378.99,379.42,378.91,204.35876114
1604408100000,379.42684836,379.8,380.25,379.13,60.80996823
1604408400000,379.8,378.93,379.8,378.93,109.11203518
1604408700000,378.86,378.4,378.87,378.4,42.020094549999996
1604409000000,378.54,377.97,378.62,377.8,132.02379937999999
1604409300000,378.02,378.98,378.98,378.02,111.68846665
1604409600000,378.98,380.94201672,381.05,378.98,141.23416799
1604409900000,380.70798691,382.88,382.88,380.39,218.92531412
1604410200000,382.86513675,383.42,384.87,382.52,1604.9811838
1604410500000,383.44,383.32,384.25,383.31,247.79231336
1604410800000,383.34080742,383.57,383.96,383.31,46.8073667
1604411100000,383.66,383.73774364,383.73774364,382.97673091,117.99847095
1604411400000,383.73774364,383.36309122,383.97,383.11136182,16.39053948
1604411700000,383.37,383.51,383.72,383.29285875,88.93006058
1604412000000,383.57,383.38,384.91,383.38,443.64756081
1604412300000,383.41,382.92,383.43800584,382.92,127.25896049
1604412600000,382.88,382.89,382.96,382.75,50.67933429
1604412900000,382.88,383.03,383.44,382.55,62.19884771
1604413200000,382.52005621,382.4,382.52005621,382.05,75.46686756
1604413500000,382.19,382.11,382.21,382.02,16.74244694
1604413800000,382.19,381.89,382.37,381.25,409.85309118
1604414100000,381.89514921,382.02399768,382.51684693,381.89514921,21.65801925
1604414400000,381.96,382.43,382.55,381.86000872,54.17275946
1604414700000,382.2,383.1,383.13875621,382.1,208.20552906
1604415000000,383.0,383.83899589,383.83899589,383.0,91.5012756
1604415300000,383.71282584,384.58,384.58,383.51405687,251.96527752
1604415600000,384.48,384.04,384.72,383.67,155.3391617
1604415900000,383.91967744,383.35529445,383.91967744,383.02,40.58549611
1604416200000,383.01,383.04,383.15,383.0,317.61992693
1604416500000,383.04560807,383.49,383.49,383.04560807,87.49968184
1604416800000,383.64,382.86,383.64,382.45131727,1179.45746711
1604417100000,382.85777955,383.16,383.16,382.85777955,30.45848327
1604417400000,382.88,382.98,383.011384,382.68,31.94962543
1604417700000,383.08,382.88,383.35120319,382.68,35.05137376
1604418000000,383.02,382.66,383.13,382.66,24.943236210000002
1604418300000,382.45,382.68,382.72,382.45,76.42009708
1604418600000,382.86,381.61,383.19,380.23,346.61240799
1604418900000,381.60539617,381.56,381.92,381.05,73.87228147
1604419200000,381.46573269,380.94958852,381.64169093,380.45690545,37.54414974
1604419500000,380.91,380.71,380.91,380.43400027,17.80001673
1604419800000,380.44,381.19,381.19,380.44,184.84021506
1604420100000,381.43,381.38,381.43,380.94,7.66950776
1604420400000,381.45,381.48,381.86,381.23,78.37359418
1604420700000,381.62,381.23,381.62,381.05296464,20.0621431
1604421000000,381.23597198,381.01305441,381.23597198,380.10965163,293.30486302
1604421300000,381.07,381.07,381.36,380.96,227.82144807
1604421600000,380.93,381.15,381.18,380.66,18.88049186
1604421900000,381.04,381.37,381.37,380.89,326.30854212
1604422200000,381.36,380.89,381.45,380.8,65.52776406
1604422500000,381.04,381.43,381.97,381.01,144.90588815
1604422800000,381.4101251,381.4101251,381.95,381.4,72.56913115
1604423100000,381.62,381.13,381.62,381.13,25.51205991
1604423400000,381.03,381.14,381.25,380.87088039,4.74193559
1604423700000,381.39203157,381.34,381.5,381.34,3.8674451100000002
1604424000000,381.27,380.92,381.27,380.89,49.76201975
1604424300000,381.2,380.85,381.2,380.85,28.84159598
1604424600000,380.8,381.62,381.63088145,380.6,56.67979255
1604424900000,381.71,381.84,381.91,381.67,34.049273140000004
1604425200000,381.86980325,381.97,382.01,381.86980325,33.91255051
1604425500000,381.98,382.21,382.45,381.98,37.712347460000004
1604425800000,382.24,382.63,382.63,382.09551422,80.16580893
1604426100000,382.49,381.88,382.63,381.88,236.23306585
1604426400000,381.89,382.09,382.29456462,381.89,37.60858297
1604426700000,382.0463175,382.67,382.67,382.0463175,106.09536959
1604427000000,382.69,382.58,382.72,382.53,8.158351
1604427300000,382.62,382.74,382.97,382.62,28.165604780000002
1604427600000,382.48,382.4,382.68,382.32,44.47497486
1604427900000,382.5,382.3,382.5,382.08,16.60247388
1604428200000,382.22,382.87188921,382.87188921,382.18133402,19.22205715
1604428500000,382.83677624,382.46223783,382.92,382.3,31.32449791
1604428800000,382.4037162,382.64,382.87,382.25674976,168.73105667
1604429100000,382.79416245,382.4,382.79416245,382.4,8.64090455
1604429400000,382.2,382.41,382.54,382.03,111.56210087
1604429700000,382.42,382.08,382.42,382.07,17.62460465
1604430000000,382.2,382.82,383.0,382.2,38.20847362
1604430300000,382.91,382.23,382.91,382.22,19.66505464
1604430600000,382.46,382.79,382.93918194,382.46,24.87578906
1604430900000,382.83,383.1,383.1,382.83,24.90592072
1604431200000,383.22,383.57,383.67881451,383.22,46.0255909
1604431500000,383.58,383.33,383.83,383.32,31.114720570000003
1604431800000,383.47,383.69897858,383.79841932,383.47,45.50132721
1604432100000,383.65,383.49065881,383.65,383.39,8.87012
1604432400000,383.63387865,383.33,383.71,383.33,1.3075302
1604432700000,383.21,383.4687144,383.51,383.06498728,43.63208575
1604433000000,383.49,383.07,383.49,383.07,10.064022510000001
1604433300000,383.37,383.19,383.4980539,383.17,32.5670627
1604433600000,383.37147467,383.46511694,383.46511694,382.78,64.56825097
1604433900000,383.46511694,383.03,383.46511694,382.99930229,43.58872833
1604434200000,383.19,383.38181389,383.44,382.93837915,7.5215461
1604434500000,383.07,382.9,383.07,382.9,5.0392244999999996
1604434800000,383.31,382.81,383.31,382.8,16.64795498
1604435100000,383.38,383.02,383.39,382.96,13.46006822
1604435400000,383.05,383.21684408,383.42,382.94775578,9.54642639
1604435700000,383.42743493,383.68,383.73,383.42,411.81735489
1604436000000,383.70822273,383.18870285,383.99,383.18870285,397.59480411
1604436300000,383.53,383.29,383.53,383.22380733,5.76606015
1604436600000,383.29,383.0,383.3,382.9,45.52920363
1604436900000,383.0,382.65,383.0,382.32,85.21073782
1604437200000,382.55,382.76,382.89,382.55,54.73115527
1604437500000,382.71,382.76,382.94,382.67422572,69.51167651
1604437800000,382.7678406,383.14,383.14,382.76,17.21716895
1604438100000,383.29,383.16998411,383.29,383.14,7.884917570000001
1604438400000,383.25,382.81,383.25,382.81,21.63271802
1604438700000,382.84,382.83,382.84,382.7,18.69124469
1604439000000,382.89439888,383.2,383.26,382.89,34.77977797
1604439300000,383.13,382.55,383.13,382.43,48.15543178
1604439600000,382.89,383.12854782,383.18,382.74,55.65939243
1604439900000,383.3,383.58,383.65,383.3,21.10884689
1604440200000,383.45,383.61,383.7174211,383.21523031,27.260483100000002
1604440500000,383.6254497,383.1487175,383.63,383.1487175,18.37292921
1604440800000,383.12,383.0,383.16,383.0,46.00664552
1604441100000,382.50027653,381.41,382.57,380.92,239.88879254
1604441400000,381.42,381.7,381.75,381.06,9.72602808
1604441700000,381.69,382.25,382.25,381.68,40.05080918
1604442000000,382.52550941,382.91,382.91,382.5,12.97145519
1604442300000,382.9122895,383.05,383.05,382.9122895,7.20404737
1604442600000,383.13,384.48,384.48,383.13,98.11676428
1604442900000,384.42,386.65,386.65,384.42,434.61017051
1604443200000,386.59,387.7292342,388.69,386.46,360.71347686
1604443500000,387.6909834,388.24,388.53820419,387.33,134.92380388
1604443800000,387.81,388.10448931,388.1117422,387.48322204,171.22315336
1604444100000,388.13,387.81143871,388.13,387.7,11.10453968
1604444400000,387.91,388.01857355,389.99,387.78,1169.8666146
1604444700000,388.30076876,388.77,389.81,388.30076876,136.03336546
1604445000000,389.08562169,388.24,389.08562169,387.7,439.04858634
1604445300000,388.3824846,389.66,389.98,387.952488,359.85896769
1604445600000,389.66291892,388.75,389.96,388.61,250.59771283
1604445900000,388.84,389.96,390.29230067,388.80115653,286.37994151
1604446200000,390.2217076,389.48,390.24075176,389.11305806,275.0895675
1604446500000,389.4,388.67842612,389.51,388.32,78.56919448000001
1604446800000,388.56095803,388.23,389.01908359,388.0,46.56192615
1604447100000,388.39,387.99,388.55,387.68,478.21193049
1604447400000,388.01,388.0,388.01,387.64,58.89975853
1604447700000,388.05,388.174976,388.2291997,387.65,97.66421894
1604448000000,388.17353075,387.67,388.69,387.66,459.64180447
1604448300000,387.66,388.17,388.62022066,387.3,593.85237323
1604448600000,388.18,388.14,388.55,388.09806334,268.54964558
1604448900000,388.11,388.0,388.39,388.0,84.44675895
1604449200000,387.94,387.06,387.981693,386.92832027,139.50390258
1604449500000,387.16,387.64,387.74874911,387.14,316.53702450000003
1604449800000,387.57,387.25,387.62,387.24,23.91697236
1604450100000,387.53,387.08,387.56084651,386.69,106.25134398
1604450400000,387.08,386.06,387.41,386.05,144.08833952
1604450700000,386.06,386.97,387.12,385.36,274.09087745
1604451000000,386.70426079,386.36,387.83,386.36,234.73224687
1604451300000,386.28,384.46919973,386.390319,384.45,751.87358522
1604451600000,384.58614853,385.68546731,385.75,384.58,372.5966278
1604451900000,385.58,382.69,385.58021338,381.83,915.7820648000001
1604452200000,382.72,383.0,383.18,381.14,594.46968027
1604452500000,382.76,382.75,383.44,382.55084647,303.94391109000003
1604452800000,382.91,383.69,383.73,382.91,172.82863166
1604453100000,383.58,383.01202591,383.99,382.99,742.78859452
1604453400000,383.01,383.54,383.73549464,383.0,209.57371443
1604453700000,383.64,383.16,383.71,383.16,19.98560072
1604454000000,383.09,383.34,383.76,382.94,72.63541745
1604454300000,383.19,383.4167175,383.4167175,382.89,25.49580367
1604454600000,383.29,384.02,384.02,383.05,434.95156943
1604454900000,384.05386818,383.76,384.05767602,383.56,147.36354463
1604455200000,383.82,383.38,383.94,383.38,183.67451547
1604455500000,383.35,383.407272,383.407272,382.87,45.05151655
1604455800000,383.5,384.32,384.78,383.5,128.79395668
1604456100000,384.2,383.94,384.28,383.65,72.78233015
1604456400000,383.93,383.72330831,384.10890116,383.62,651.02490396
1604456700000,383.57,382.8,383.61,382.63,501.23265943
1604457000000,382.72,382.80617191,382.99,382.25368224,142.65927063
1604457300000,382.96,382.68,383.29,382.49186381,285.52106389
1604457600000,382.79451981,382.41490309,382.79451981,382.08,866.52700086
1604457900000,382.44972507,382.13,382.59,382.12471999,172.6527283
1604458200000,382.36,382.48,382.5,382.25240055,208.46811527
1604458500000,382.48,383.29,383.31961449,382.30935876,68.37405668
1604458800000,382.97,383.42,383.61,382.91225705,111.72599619
1604459100000,383.3,384.0,384.0,383.3,53.77848155
1604459400000,384.14,386.60498532,386.64,384.14,267.39280391
1604459700000,386.49,386.06,387.72,386.06,307.32548501
1604460000000,386.06,386.89,387.43,386.06,115.4442173
1604460300000,387.04,387.23115834,387.45453872,386.87265283,186.43942512
1604460600000,387.23,387.18,387.42920075,386.50888602,448.4154919
1604460900000,387.26,387.53,387.83693512,387.26,254.06555427
1604461200000,387.26,387.25,387.37,387.05,130.55927576
1604461500000,387.02,387.22,387.22,386.96,54.08005933
1604461800000,387.15934432,386.4,387.16,386.26,174.99076799
1604462100000,386.62561872,386.54,387.19,386.44,112.81411661
1604462400000,386.49,385.83,386.8,385.81,67.42312789
1604462700000,385.79,386.12,386.28,385.38,287.66696228
1604463000000,386.25,385.64,386.25,385.6,30.66924521
1604463300000,385.58,386.31,386.31,385.58,92.46368866
1604463600000,385.8,385.63,385.8,384.82,365.06698023
1604463900000,385.47860108,385.88,385.99,385.40871947,98.54756598
1604464200000,385.67,386.32,386.41,385.67,52.29214111
1604464500000,385.95,386.12,386.24,385.95,4.29520986
1604464800000,386.2,385.54785716,386.2,385.53,93.03720683
1604465100000,385.43,385.18881262,385.55,384.98,48.27316579
1604465400000,385.33,385.9,385.9,385.33,15.50280634
1604465700000,385.89,385.61,385.9,385.6,19.86701013
1604466000000,385.6,385.33,385.76615443,384.98,15.51109345
1604466300000,385.33,385.33,385.33,385.19,3635.23926146
1604466600000,385.33,386.0,386.0,385.26496264,2044.67097576
1604466900000,385.93,385.53794841,385.93,385.38,143.38621604
1604467200000,385.32,384.60415986,385.32,384.45,116.08688459
1604467500000,384.75,384.89,385.13,384.75,40.25013598
1604467800000,384.75,384.99,385.39,384.75,53.83360284
1604468100000,384.97,385.1,385.34,384.69,21.46132193
1604468400000,385.1,384.97,385.25857707,384.96,62.00626318
1604468700000,384.95,384.48,385.41,384.48,34.3118421
1604469000000,384.43,383.73,384.43,383.73,40.8607219
1604469300000,383.99,383.29,383.99,383.29,90.35529457
1604469600000,383.33,383.19455556,383.33,382.98,244.98214192
1604469900000,382.99,384.18975024,384.18975024,382.99,14.80471624
1604470200000,384.14,384.77,384.82,384.14,52.23460436
1604470500000,384.84,384.01,384.94,384.01,542.14391432
1604470800000,384.64,384.49,384.88,384.47,105.56746708
1604471100000,384.02,383.83,384.02,383.81,12.66160193
1604471400000,384.09,383.66,384.23,383.66,94.95722534000001
1604471700000,384.2,384.17,384.63,384.17,39.8202182
1604472000000,383.96,383.8,384.07,383.8,13.00780227
1604472300000,383.81,384.0,384.04,383.81,18.11597658
1604472600000,384.06,383.45,384.06,383.39,43.88844907
1604472900000,383.45,384.28,384.28,383.45,17.11483686
1604473200000,384.19,383.82,384.19,383.82,23.39602849
1604473500000,383.43,383.62,383.62,383.25176505,31.91449036
1604473800000,383.82,383.82,383.99,383.68,13.514315159999999
1604474100000,383.78,383.7,383.78,383.44,44.63739472
1604474400000,383.77,384.24023593,384.24023593,383.76,31.12628876
1604474700000,384.24,384.02,384.31,384.01,50.25786296
1604475000000,384.00009182,383.75,384.03,383.65,47.00180494
1604475300000,383.64,383.7,383.79,383.64,78.08234785
1604475600000,383.67,382.89,383.67,382.33,441.48625555
1604475900000,382.7,380.45,382.7,378.68,2291.15546876
1604476200000,380.63,379.25,380.63,379.25,356.05435434
1604476500000,379.25,378.48,379.25,376.82828288,692.53833248
1604476800000,378.16,377.97,378.28,376.83,359.84802044
